LT,LS,LB,WT,WB,Wfi,Fleet
146,115,105,6.62,28.9,18,2
92,74,65,11.2,5.7,3,2
81,66,50,13.4,5.8,3.5,1
95,85,63,14.7,4.3,2,2
84,66,60,14.7,5.8,3,1
95,85,67,14.9,5,2.6,2
85,70,60,15.8,6.6,4.6,1
84,71,62,15.9,5.8,3.3,1
89,73,65,16,5.6,2.6,1
96,79,67,16.2,5.5,3.2,2
97,81,70,16.3,6.6,3.3,2
98,80,70,16.7,7.9,5.2,2
92,75,72,17.3,7.9,5.2,2
103,82,75,17.7,8.1,5,2
101,83,76,18.3,8.7,3.7,2
87,72,65,18.4,6.3,3.2,1
104,84,70,18.4,7.2,2.4,2
98,82,68,18.4,7.5,4.1,2
110,88,75,18.6,5.5,2.8,1
103,85,78,18.6,7.9,4.3,2
105,86,73,18.7,7.2,3.5,2
100,80,68,18.8,7.1,4.5,2
104,81,75,19,7.9,4.8,2
102,82,69,19.1,7.2,3.8,2
100,81,75,19.2,8.7,5.8,2
100,80,80,19.3,9.9,5.7,2
101,81,74,19.7,7.3,3.9,2
112,92,82,19.9,7.8,3.6,1
96,81,75,19.9,8,4.4,2
100,80,80,19.9,9.5,5.7,2
100,80,75,20.1,9.4,6.5,2
107,86,71,20.2,7.8,3.5,2
100,82,75,20.5,9.2,5.4,2
109,88,71,20.7,7.5,4.1,2
104,85,80,20.7,10,6,2
106,86,79,20.9,7.6,4.3,2
100,80,75,20.9,8.3,4.8,2
107,82,70,21,7.2,4,2
103,83,75,21.1,7.7,4.3,2
105,85,75,21.4,7.9,4.6,2
105,84,83,21.4,10.3,6.5,2
105,85,80,21.5,8.6,4.1,2
100,82,75,21.5,12.2,7.8,2
108,90,79,21.6,6.9,4.1,2
107,90,81,21.6,9.5,5.6,2
105,85,85,21.7,7.6,3.3,2
108,90,69,21.8,6.4,3.7,2
102,85,77,22,8.8,4.6,2
104,85,80,22.1,9.9,6.6,2
105,84,80,22.3,10.3,6.8,2
110,87,85,22.3,10.9,5.9,2
108,88,80,22.4,10.8,7.8,2
105,84,80,22.5,14.4,9.3,2
109,91,75,22.7,9.3,4.2,2
106,89,80,22.8,13.8,5.8,2
145,120,115,22.8,13.9,13.2,2
110,90,75,22.9,9.6,5.8,2
110,90,75,23.1,12.3,7.9,2
108,90,81,23.2,9.1,5.7,2
109,86,79,23.3,9.3,4.5,2
105,85,74,23.7,10.2,6.1,2
109,87,79,23.7,10.3,5.1,2
110,92,85,23.7,11,6.1,2
110,90,75,23.8,10.1,5.8,2
110,90,86,23.8,11.8,7.4,2
110,90,80,23.9,8.8,3.6,2
109,89,81,23.9,8.9,5.8,2
110,85,80,23.9,9.6,4.6,2
110,90,80,23.9,11.4,6.6,2
112,90,89,24.2,10.9,5.9,2
107,88,80,24.3,11.1,7.4,2
115,93,81,24.5,9.6,5.6,2
116,95,82,24.5,10.3,6.1,2
113,92,83,24.6,9.1,5.9,2
105,87,75,24.6,9.8,5,2
110,90,78,24.7,10.3,5.8,2
111,91,74,24.9,10.4,5.3,2
119,96,85,24.9,15,10.3,2
114,92,90,25.2,11.1,5.7,2
111,92,83,25.3,9.9,4.8,2
110,89,78,25.3,10.4,5.2,2
110,90,81,25.3,12,8.2,2
112,89,74,25.5,8.9,4.6,2
110,89,78,25.5,10.6,7.2,2
101,81,78,25.5,11.5,6,2
112,90,78,25.6,9.7,6.2,2
110,90,75,25.6,9.7,5.8,2
114,92,81,25.6,9.9,5.4,2
110,92,80,25.6,11.4,7.1,2
110,90,85,25.8,9.6,4.4,2
112,88,81,25.8,10,6.2,2
115,94,85,25.8,11.6,6.9,2
115,91,79,25.9,10.5,5,2
106,85,79,25.9,10.6,6.5,2
111,89,72,26,8.6,4.5,2
114,93,77,26,9.4,5.1,2
109,88,76,26,10,5.5,2
115,91,75,26.3,8.7,5.3,2
106,84,80,26.3,11.9,6.2,2
112,90,82,26.4,10.9,6.5,2
115,94,82,26.4,11,5.7,2
115,94,80,26.4,13.9,7.2,2
120,93,80,26.5,11.2,6.7,2
120,100,95,26.5,13.6,9,2
115,94,80,26.6,9.4,5,2
111,92,81,26.6,11.5,6.7,2
110,92,80,26.8,10.1,5.8,2
115,94,82,26.8,10.1,6.2,2
105,85,83,26.8,11.3,6.9,2
121,96,90,26.9,11.3,6.4,2
110,87,87,27,11.2,6.7,2
113,92,80,27.2,10.4,5.4,2
120,100,85,27.2,15.7,8,2
110,90,87,27.3,11.7,6.4,2
115,94,83,27.3,15.3,7.8,2
104,85,68,27.5,7.7,5.2,2
119,96,86,27.6,12.5,6.7,2
109,85,82,27.7,10,6.3,2
115,94,76,27.7,10.2,5.5,2
112,93,87,27.7,13.1,8.3,2
113,94,81,27.8,9,5.2,2
115,93,81,28,10.7,6,2
115,94,85,28,14.2,7.4,2
110,90,90,28,14.3,8.6,2
115,95,88,28.1,11.8,6.4,2
117,93,85,28.2,12.5,8.1,2
114,94,78,28.3,10.7,5.4,2
116,95,88,28.3,11.4,6.7,2
116,94,76,28.4,10.8,4.9,2
119,97,86,28.4,11,6.3,2
124,98,90,28.4,12.7,7.3,2
107,95,90,28.6,11.9,6.3,2
114,92,80,28.6,12.6,6.8,2
117,90,80,28.7,11.3,6.8,2
114,95,80,28.7,15.2,8.1,2
116,96,85,28.7,15.3,8,2
116,95,83,28.8,12.7,6.8,2
116,95,80,28.9,10.3,5.9,2
110,93,80,28.9,12.9,6.2,2
115,94,81,29,11.4,6.9,2
111,91,85,29.1,10.4,5.5,2
110,94,86,29.3,12.3,6.9,2
119,97,86,29.3,12.6,8,2
115,95,85,29.3,15,7.1,2
116,95,77,29.4,9,4.2,2
125,100,95,29.6,13.5,8.8,2
115,92,80,29.6,14.3,7,2
115,92,89,29.9,13.6,8.5,2
116,95,80,30,15,7.1,2
115,95,82,30,16.2,8.3,2
120,96,90,30.1,15.5,7.4,2
116,95,84,30.2,10.8,5.1,2
116,94,80,30.2,15.7,8.6,2
116,93,87,30.6,8.8,6.5,2
120,98,81,30.6,10.2,5,2
117,95,77,30.6,10.8,3.9,2
125,106,85,30.8,10.6,6,2
120,100,86,31.1,11.7,6,2
112,91,90,31.1,13,7.3,2
130,110,94,31.1,21.3,11.3,2
123,100,93,31.3,13.4,7.2,2
120,100,90,31.5,18,9.7,2
113,91,85,32,14.8,8,2
122,97,87,32.1,16.9,9,2
120,100,85,32.2,16.4,8,2
120,100,92,32.2,20.6,7.7,2
120,95,86,32.3,13.6,8.2,2
130,106,90,32.3,16.8,7.5,2
117,95,92,32.5,13.8,8.9,2
123,100,88,32.5,17.1,8.6,2
125,103,90,32.5,17.5,8,2
125,100,90,32.6,13.9,8.2,2
112,88,88,32.9,14.2,7.5,2
127,103,95,33.1,14.4,7.6,2
125,100,90,33.1,18.4,8.6,2
129,99,85,33.2,13.5,7.8,2
123,103,75,33.3,13.4,8.8,2
124,99,92,33.4,14.2,7.5,2
120,100,100,33.4,15.4,6.9,2
124,100,90,33.4,17.5,8.3,2
123,103,90,33.7,16.2,9.8,2
124,99,87,33.8,18.3,9.5,2
119,95,92,34,13.13,7,2
122,100,84,34,18,9.4,2
125,102,90,34,18.8,10.1,2
120,100,90,34.2,32.2,8.6,2
117,94,75,34.5,10,6.2,2
126,103,92,34.7,17.6,10.1,2
115,94,88,34.8,14.7,9.6,2
117,95,90,35,17.7,8.5,2
126,102,90,35,19.5,10.4,2
115,92,85,35.3,15.3,9.7,2
122,100,95,35.7,18.5,8.2,2
130,105,90,36,14,8.2,2
120,100,85,36,18.9,9.1,2
125,100,70,36.3,9,5.2,2
125,104,90,36.8,19.6,9.9,2
120,98,90,37.1,16.8,10.7,2
126,101,82,37.5,12.5,6.4,2
116,93,86,37.6,17.3,4.4,2
125,115,90,37.8,16.3,9.8,2
130,106,102,38,21.2,12.2,2
126,105,95,38.3,13.9,8.8,2
127,100,100,38.4,17,10.7,2
130,106,92,38.6,20.3,11.4,2
124,102,85,38.7,14.5,8.3,2
126,103,90,38.7,14.7,7.8,2
130,105,100,38.7,18.2,11,2
130,110,95,38.7,21.1,9.5,2
130,105,100,38.8,16.8,9.1,2
130,104,95,38.8,19.3,11.7,2
123,102,93,39.3,14.7,8.5,2
134,110,99,39.3,15.1,7.5,2
125,102,90,40.6,20.8,10.8,2
132,106,95,40.7,22,9.5,2
125,102,98,41.9,19.6,12.3,1
140,110,100,43,15.6,9.2,2
127,105,90,43,20.9,10,2
130,106,97,43.2,18.1,11,2
132,109,95,43.3,21.5,10.1,2
122,97,90,43.9,17.3,10.2,2
130,105,95,44.4,20.4,11.4,2
132,109,97,44.7,24,12.2,2
125,100,95,44.9,20.8,13.4,2
135,110,105,45.2,19.6,11.5,2
135,110,98,45.7,24.4,13.8,2
140,117,95,46.5,17.7,9.9,2
140,115,101,48.7,22.2,14,2
131,105,102,49,19.5,11.8,2
139,114,94,49.1,15.6,9,2
140,113,105,49.5,22.7,12,2
132,108,104,49.7,23.8,11.9,2
148,121,109,51.5,21.1,13.5,2
135,110,98,51.8,23.4,13.3,2
145,118,105,52.3,20.1,11.1,2
139,112,108,52.6,21.8,13.5,2
130,109,80,52.9,17.6,9.4,2
138,112,107,53.1,23.7,12.5,2
145,123,115,53.6,24,14,2
137,112,105,55.7,24.3,14,2
145,120,110,56.4,24.1,15,2
146,119,111,57.9,24.3,13.7,2
142,113,105,59.3,26.7,16.2,2
125,99,86,59.8,16,7.2,2
153,125,125,62.1,30.4,20.8,2
159,131,115,63.9,27.8,16,2
150,124,105,64.8,22.9,11.1,2
144,117,115,65.3,31.7,16.5,2
160,130,120,67.2,71.5,17.5,2
147,121,108,69,27,17.3,2
150,120,115,69.3,33.1,22.4,2
155,128,113,69.5,26.2,15.7,2
150,122,110,71.2,31.6,20,2
152,123,96,71.4,25.7,13.4,2
152,125,110,71.4,33.4,20.6,2
138,114,110,71.6,29.5,13.3,2
166,138,120,72.7,39.3,18.9,2
155,125,110,72.9,32.3,20.2,2
161,135,115,73.4,39.2,20.8,2
162,135,110,75.1,27.6,16.5,2
158,130,120,75.1,34.5,21.7,2
152,122,115,77,34.2,21.2,2
154,125,96,77.1,71.7,20.8,2
155,125,115,79.2,34,20.7,2
165,135,125,79.8,35,17.4,2
155,130,120,80.4,39,24.5,1
161,130,120,81.4,39.6,24.8,2
155,127,118,81.6,37.7,21,2
151,125,125,82.8,31,17.1,2
155,126,110,83.3,37.1,26.1,2
160,130,115,83.5,34.8,19.9,2
175,142,140,85.1,44.1,20.1,2
159,136,120,85.6,35,21,2
204,165,148,88,79,46,2
169,135,120,88.6,37.3,22.6,2
160,131,128,89.1,36,22,2
160,133,120,89.1,40.3,25.7,1
171,141,122,89.7,38,24.8,2
155,125,115,91.1,42.7,25.6,2
162,135,123,92,36,36,2
160,130,125,92,40.1,22.4,2
160,135,120,93.2,43.5,27.1,2
165,135,125,93.3,37.7,26.4,2
158,126,116,95,40,20.2,1
175,142,137,95.3,62.6,26.5,2
163,132,121,96,41.6,25.6,2
166,137,120,96.1,43.2,26,2
160,132,115,97.2,46,28.2,1
165,140,120,97.5,47.2,30,2
163,133,120,98.8,40,24.5,2
168,141,121,99,37.8,22.6,2
173,138,131,100.3,41.8,25.1,2
170,138,130,100.5,44.4,26.5,2
165,135,120,102,47,31.1,1
165,135,125,102.7,50.3,30.8,2
170,135,125,103,46.2,28.7,2
180,147,136,103.3,54.9,31,2
168,135,132,104.4,45,9.5,2
161,135,125,104.7,49,27.8,2
175,140,124,105.8,47.3,31.6,2
175,140,125,106,48.5,18.1,2
169,136,122,108.9,40.2,21.1,2
171,141,126,109,44.7,25.1,2
188,156,144,109.9,45.7,27,2
175,141,131,113.2,48.7,12.7,2
174,140,127,114.9,46.7,27.8,2
171,140,124,116.9,48.2,26.2,2
175,145,119,117.6,47.8,24.3,2
181,141,135,119.1,50.8,31.6,2
175,146,139,121,53.7,31.4,2
180,145,137,121.1,61.2,41.1,2
175,145,135,121.9,57,37.3,1
185,150,135,122.3,54.3,30.6,2
182,145,130,122.5,54.9,36.6,2
173,142,120,123.7,53.1,30.1,1
188,155,140,123.7,57.9,26.4,2
193,155,140,125.4,54.9,33.9,2
180,147,132,126,47.7,25.7,2
185,150,135,126,55.5,35.8,2
185,155,135,129.4,57.7,36.3,1
189,156,140,134,58,34.4,1
190,155,135,135.8,50.2,28.7,2
180,145,140,137.3,63.1,39.9,1
189,151,135,138.7,53.2,28,1
185,150,148,139.3,61.7,37.5,1
185,155,150,139.3,63.3,41.9,1
191,156,143,139.9,56.2,35,2
200,162,150,141,59.2,35.7,2
198,164,146,142,62,39.3,2
195,165,140,142,62.7,38.2,2
190,154,135,142.1,59.2,35.1,2
180,150,130,144.2,65.1,42.2,1
195,160,145,144.2,67.5,40.3,2
190,155,145,144.8,59,36.4,2
190,155,150,145.3,66.8,44.4,1
185,155,140,145.4,65.4,40.3,2
192,157,145,146,63,38,2
200,162,145,146.3,68.8,41.4,2
190,150,130,147,63,41.7,2
192,158,125,147.5,67,39.9,2
195,153,138,147.9,66.6,41.1,2
185,150,140,148.1,69.6,41,1
190,155,150,148.3,69.7,39.5,2
185,155,135,148.7,61.8,41,1
190,155,140,149,64.8,40.3,1
186,153,132,149.8,64.4,45.1,1
197,165,140,150.4,73.1,48.3,2
194,161,138,151.6,53,31.7,2
190,160,145,152.5,87.7,71.2,1
195,158,145,153.6,63.3,42.3,2
195,160,140,153.7,66.3,41.5,1
194,153,132,154.1,62.8,41.6,2
190,152,148,155,67,41,1
195,155,140,155,75,46,1
198,160,150,155.8,87.6,50.8,2
190,155,145,156,70.1,48.7,1
202,162,151,156.9,66.2,36.3,2
200,160,155,157,72.7,46.4,1
195,160,150,158,73.7,47.9,1
195,160,145,160.1,72.4,46.7,1
195,160,148,160.2,65.5,43,1
205,170,155,162.1,75.6,43.5,2
195,160,145,162.3,75.3,36.6,1
195,160,135,163.5,63,40.3,1
190,150,140,163.6,73.1,47.2,1
210,170,160,164,70,42.7,2
190,155,140,165.3,79.3,48.5,1
205,160,150,165.5,77,50.5,2
195,160,155,165.7,76.5,51.3,1
200,164,147,167,66,40,1
195,155,145,167,74.4,39.7,1
200,160,147,168,66,44,1
190,150,145,169,76,49.6,1
203,170,150,169,84.8,55.4,2
205,175,150,170,64,46,1
188,150,140,170,73,47.5,1
200,160,150,170,82,52,1
205,170,150,170.9,85.1,57.9,2
210,170,150,171.8,82,50.5,2
200,165,146,172,62.3,39.5,2
192,152,142,172,74,42,1
205,165,155,173.5,83.2,54,2
192,157,136,173.7,65.5,35.9,2
199,166,148,174.5,69.8,40.6,2
205,163,150,175,80,53,1
194,160,145,175.6,71.3,44.8,2
200,170,160,176,80,54,1
206,173,157,177.8,67.1,39.8,2
195,155,140,178,80.5,54.4,1
200,160,145,178,80.8,30.6,1
203,165,157,178.1,86.5,46.3,2
200,165,155,178.3,82.3,55,1
210,175,160,179,69.2,41.1,2
198,162,146,179,73.2,41,2
205,162,145,180.1,66.2,37.5,2
199,162,145,180.7,88.6,52,1
200,164,145,181,84.5,57.8,1
210,173,160,181.2,108.1,53.8,2
205,170,160,181.8,130.5,53.2,2
218,181,163,182,72,72,2
200,170,145,182.4,80,50.2,2
205,165,160,182.8,79.5,34,2
205,165,155,185,81,49,1
210,170,145,185,84,55.2,2
195,158,130,185.3,88.9,48.2,2
200,160,152,185.5,82.8,54.2,1
198,164,151,185.6,91,60.3,2
203,166,156,185.9,86.3,52.9,2
205,170,150,185.9,90.1,59.4,2
205,169,156,186,68,68,2
215,175,150,186,81,54.8,2
202,166,145,186.3,74,48.1,1
220,180,165,187.5,96.3,59.8,2
210,170,166,189,76,39.6,1
210,173,170,189.1,115.6,50.7,2
205,164,155,189.5,76,40,1
205,165,155,189.9,88.1,54.5,1
207,175,140,190,53,33,1
205,170,140,190,66,40,1
205,165,160,190.2,94.4,56,2
201,163,155,191,79.1,47.3,1
215,175,168,191.5,85.1,49.5,2
218,180,155,191.5,88.7,50.3,2
200,165,140,193.8,78.3,51.2,1
205,166,150,193.8,88.5,54.8,1
215,177,146,194,81.4,46.4,1
200,160,155,194,97,68.1,2
200,165,140,195,64,31.6,1
215,175,175,195,94.6,61.9,1
220,180,160,196,89,56.5,2
205,165,144,196.6,91.1,58.8,1
215,178,160,197,91,54.5,2
210,175,155,197.1,77.1,43.8,2
210,170,158,197.2,85.8,54.8,1
207,166,149,198.3,77,46.4,1
215,175,160,198.9,86.2,52.1,1
210,170,145,199,84,52,1
208,172,149,200,77.3,48.8,1
203,170,146,200,77.7,46.2,2
216,178,160,200.4,84.6,49.9,2
218,175,165,201,90.6,57.8,1
210,170,155,201,96,63.6,2
215,180,156,201.4,77.9,45.6,2
203,165,159,201.7,93.6,54,2
205,168,147,202,84,47.3,1
230,190,170,202,86,56,1
210,172,160,202.5,97.1,63.6,2
215,180,168,204.3,121.3,66.4,2
214,174,160,205.1,86.2,47.9,1
210,170,160,205.7,100.6,64.4,1
220,180,165,205.9,90,57.4,2
210,180,160,206,86,56,1
200,165,155,206,95.7,60,1
235,195,175,208,124,68,2
210,168,160,209,92,56,1
201,166,155,210,89,53,1
215,170,165,211,97,68,1
210,172,150,211.4,90.4,51.8,1
210,172,150,211.5,93,58.7,1
210,175,167,212,96.6,60.5,1
218,172,160,212.6,101,58.6,1
215,178,165,212.7,125.9,68.4,2
220,176,150,213.4,86.7,55.5,2
212,178,146,213.5,79.3,44,2
221,181,165,213.6,81.4,52.6,2
210,172,150,214.4,97,58.3,2
215,174,151,215,89.6,56.1,1
222,180,157,215,102,64,1
208,169,155,215.5,86.5,46.2,1
221,184,170,216,91.3,57.8,2
215,180,165,216,100,68,1
212,170,155,217,105,71.4,1
216,171,145,218.5,96.3,53.4,2
205,165,155,218.8,96.6,65.5,1
213,172,161,219.8,96.5,50.8,1
225,185,170,219.8,107.7,70,2
220,180,145,220,78,50,1
214,179,160,220,86,86,2
235,191,168,220,92,56,2
210,170,160,220,103,63.8,1
215,175,165,220.5,109.3,68.7,1
215,176,157,221,96,53.1,2
225,182,155,222,97,62,1
210,180,155,222,100.4,63,2
219,185,158,222.1,99.5,65.6,2
215,175,157,222.5,100.2,63.6,1
205,168,144,223,117.7,59,2
221,181,160,223.7,92,52,1
222,183,168,224,88,50,1
225,185,140,225,78.5,48.8,1
227,189,162,225,87.1,44,2
210,168,150,225,90,51.2,1
220,185,170,225,106.5,65.1,2
212,170,154,225,120,76,1
210,170,160,225.6,107.2,67.4,1
210,165,160,226,92,62,1
225,185,170,226,109.3,64.7,2
221,176,160,226.2,90.2,50.5,1
212,176,164,227,91.4,52.4,1
212,175,164,227.4,99.3,60.7,1
225,180,160,228,90,60,1
220,180,160,228.4,99.1,66.5,2
220,180,152,228.7,91.3,48.6,1
225,185,175,229.9,102.7,65.6,2
220,182,160,230,98.6,59.8,2
225,185,155,230,104.4,60,2
215,170,150,230,110,66.7,1
220,185,170,230,110.2,72.1,2
225,185,180,230.5,110.7,69,2
230,190,165,230.7,104.2,61.9,2
212,173,160,233,106.5,62.7,1
205,170,155,233,107.1,71.4,1
226,182,163,233.9,96.7,54.2,2
215,175,145,234,134,68,1
225,187,170,234.1,112.1,63,2
255,212,183,234.3,95.9,50.8,2
225,184,171,234.4,98.7,59.8,2
221,178,165,234.7,100,49.4,1
227,190,170,234.7,120.8,85.9,2
230,190,175,234.7,149.1,87.6,2
215,180,158,235,102,59,1
218,177,160,235,105.1,68.5,1
220,180,160,235.1,103.3,68.4,1
225,180,170,235.2,123.6,83.4,2
216,176,166,236.3,94.3,55.2,2
210,173,150,236.7,100.4,65,1
215,175,170,238,105,71,1
214,172,155,239,90.4,49.2,1
215,174,160,239.4,104.7,67.1,1
212,181,155,240,98.6,61.9,1
232,195,165,240,106.3,61.5,2
220,175,170,240.2,110.8,67.6,1
220,177,170,241.3,108.6,69.6,1
220,170,160,242.5,105.5,68.5,1
228,190,160,243,92,57,1
215,172,165,243,106,74,2
230,185,180,243,111.4,71.4,2
220,176,158,243,113,73.6,1
220,175,165,243.6,113.3,74.4,1
211,172,160,243.8,117.5,63.6,1
225,190,165,245,113,72.7,2
234,190,180,245.6,112.8,71.6,2
230,190,175,246,111,74.5,1
230,190,170,246.7,112.2,67.5,2
236,195,165,247,100.9,62.3,2
220,180,170,247,111.7,70.9,1
225,185,185,247,113.2,70.6,2
221,182,166,247.9,113,71.1,2
222,176,168,248,111.6,63,1
230,187,170,249,111,75,1
230,185,175,249.6,105.4,63.1,2
230,190,170,250,98,58,1
260,190,172,250,130,75,1
216,175,163,250.4,92.3,57.5,1
221,179,167,250.4,120,73.7,2
227,187,165,250.4,133.3,89.7,2
216,176,168,251,107.1,65.4,1
222,181,159,252,103.3,58.5,1
230,192,170,252,108.4,58.3,2
228,185,175,252.6,112.9,73.2,2
201,181,164,253,107,64.3,1
225,190,170,253,115,77.2,2
226,182,160,254,99,64,1
223,180,165,254.9,117.3,73.9,1
220,180,165,256,112,81,1
218,182,155,256.4,98.2,62.7,2
221,175,160,257,93,66,1
233,186,180,257,114,70,1
225,181,159,258,105,48.4,1
215,170,160,259.2,140.9,68.4,2
220,180,160,260,108,77.2,1
220,175,160,260,115,82.3,1
225,185,170,260,118,71,1
226,188,174,260.5,103.4,56.1,2
222,177,173,261.6,120.1,75.8,2
225,200,170,263.5,130.6,75.3,1
235,190,170,263.7,120,74.9,2
235,195,165,264,116.3,73.6,2
224,185,148,266.5,77.9,45.5,2
230,190,170,267,126,81,1
232,195,168,268,112.9,64.7,1
225,195,170,268,124,86,1
229,191,178,268,126,126,2
291,245,211,268,155.1,136.2,2
223,184,160,269.1,112.4,68.4,1
240,200,185,269.1,161.8,65.4,2
230,190,190,270,120,80,1
225,180,160,270.3,118,81.7,1
235,195,180,271.4,134.4,83.8,2
235,190,170,271.5,131.6,87.1,2
245,200,180,272,118,77.4,2
230,190,165,272,124,78,1
242,205,177,272.2,124.1,70.9,2
240,190,180,273,125,78.5,1
225,175,170,273,130,90,1
229,183,169,273.3,117.7,74.1,2
230,190,180,275,130,87,2
224,183,163,276,112,72,1
235,196,171,276,118.2,79.6,1
233,193,170,276,123,83,1
235,190,170,276,130,88.5,2
246,200,180,277.2,122.3,73.6,2
231,189,165,277.3,109,57.3,1
227,184,165,278,130,84,1
235,192,176,279,163.9,90.5,2
283,227,216,279,136,81,1
230,188,168,279.4,120.9,77.8,1
230,185,180,280,129,75.2,1
230,190,160,281,119,79.6,1
235,190,170,281,127,75,1
232,200,162,281.3,122.8,69.5,1
235,190,180,281.6,125.5,82.4,1
220,182,163,282,102,65.3,1
240,197,180,282.5,124.3,80,2
240,195,171,283.5,118.7,66.8,2
233,195,167,286,94,55.8,2
230,190,160,286,105,64.3,1
230,185,170,286.2,133,80.4,1
240,190,182,287,134.8,86,1
226,183,166,288,126.9,76.5,1
235,194,170,288,132.1,89,2
240,196,178,288.1,164,92.6,2
235,194,167,290,118,67.2,1
235,195,170,290,122.5,73.5,2
231,189,173,290,130,82.3,2
240,200,180,293,146.6,93.9,2
245,205,180,293.3,148.6,95.5,2
225,180,177,294,136,90,1
245,202,186,294.1,173.1,80.3,2
233,193,160,295.1,126.2,79.1,2
231,189,168,296,120,72.5,1
235,190,175,296,128,75,1
232,188,179,299.7,138.9,84.6,2
240,195,160,300,108,80,1
234,196,181,300.8,125,76.5,1
224,180,169,301,127,90,1
225,190,170,301,134,90.5,1
240,199,168,302,130,64.6,1
247,208,177,302,138,78,2
245,195,185,302,145.2,91.6,2
245,199,163,304,90.5,50,2
245,200,175,304,120,78,1
240,190,175,304.9,106.9,85.1,2
226,182,170,306,146,102,1
248,205,170,306.1,122.6,75.6,2
250,210,200,306.5,149.4,92.1,2
252,207,195,308,114.5,62.7,2
250,200,189,309,150,99,1
246,205,183,309.9,143.3,92.8,2
231,192,175,310,138.5,73.8,1
240,190,180,310,144,100,1
242,202,172,310,157.8,85.6,1
241,196,178,310.7,129.7,70.6,2
235,192,170,313,156,108.9,1
237,192,168,314,136,97,1
240,200,180,314,146,100,1
225,185,166,315,131,65.7,1
240,192,170,315.1,138.9,89.9,1
249,201,170,315.9,140,86.1,2
256,210,170,316,126.5,73.2,2
235,199,167,316,140.9,88,1
240,190,185,316,147,97,1
260,220,205,317.9,182.6,63.9,2
234,192,175,318.1,149.4,94.1,1
245,204,185,319,150,98,1
252,204,175,319.6,118.5,72,2
234,192,171,320,120.2,72.2,2
247,202,168,320,134.6,75.4,2
236,192,166,320,134.9,79.3,1
230,195,167,320,146,99,1
229,184,168,321,126.6,79,1
236,195,165,321,139,90,1
230,185,180,322,150,93,1
239,195,179,323,137,83,1
243,175,170,323,144.7,81.1,1
230,185,170,323.9,142.3,95.3,1
229,185,173,324,130,73.9,1
270,220,200,324,136,81,2
237,195,182,326,144,88,1
244,205,174,326,150,95,2
225,189,163,327,141,80.9,1
245,205,185,328,139,88.4,2
250,200,180,328,145,82.9,1
250,207,195,328.8,143.3,90.7,2
235,203,169,329,138.8,87.7,1
250,205,190,329.2,204.3,95.5,1
240,200,170,330,153.7,100.9,1
245,200,190,330,155,104.5,1
248,222,170,330.7,139.5,73.5,2
260,218,190,331.3,182.4,95,2
235,194,164,332,128,77.7,1
245,205,180,332,148,94,1
245,200,175,332,148.5,96.8,2
250,205,195,332,151,99.7,2
250,200,185,332.7,155.5,93,1
230,190,177,332.8,191.1,100.3,2
255,205,186,333.2,156.6,89.3,2
250,210,195,334,146,100,1
225,185,165,334,148.7,92,1
295,245,178,334.1,117.7,71.7,2
227,183,183,336,138,90,1
255,206,182,337,147,83,2
250,205,190,337,159,101,1
252,205,180,338.3,155.6,94.8,1
239,195,181,339,147.1,84.8,1
248,200,173,340,143.6,96.1,1
245,200,190,340,150,100,1
250,200,185,340,160,103,1
249,206,187,340,165.3,106.6,2
251,210,172,340.6,70,41,2
235,192,181,341,142.1,85.7,1
242,203,180,341,152.4,102,2
255,211,165,341.1,138.5,80,2
248,198,184,343,152,99,1
240,200,180,344,156.6,98.5,2
260,220,170,345,123,69.4,1
245,205,170,345,164.2,92,1
265,215,185,345.2,139.9,81.5,2
258,214,166,346,141,74,1
267,220,204,346.9,198.3,137.9,2
232,187,175,348,197.5,102.4,2
243,198,169,349,158,90.3,1
250,200,190,350,146,90,1
260,215,174,352,149,86,2
235,195,170,352,167.7,99.2,1
263,215,180,354,138,75,2
253,206,190,354,161,103,1
255,200,200,356,160,104,1
260,215,200,356,170,110,2
243,200,183,356.4,163.4,103.6,1
260,215,185,357.6,169,107,2
245,195,185,358,154,105,1
245,200,180,358,155,105,1
245,205,195,358,157.9,90.8,2
250,205,183,358,158,85,1
263,210,200,358.2,197.8,93.4,2
251,208,175,358.9,138.7,77,2
270,220,200,359,166.8,96.7,2
250,200,170,360,153,97.3,1
260,210,200,360,175.4,112.6,1
250,205,180,361,128.4,70,2
246,205,172,362,134,76,1
232,195,175,362.3,136,71,2
265,223,190,363,185,99,2
248,195,190,363.4,176.8,117.7,1
258,210,195,363.5,170,112.6,2
249,203,185,364,159,100.2,1
257,210,200,365,126,102,1
275,232,187,366,108,108,2
244,198,185,366,165,114,1
247,200,190,367,144.8,88.6,1
253,211,186,367,155,96,1
255,210,195,367,172.6,116.8,1
234,197,178,367.1,163.1,104.7,1
241,201,168,368,158.7,72.7,1
260,210,190,368,162,104,1
250,205,180,368,171,103,1
265,215,190,368,177,100.1,2
250,200,200,368.8,165.9,106.5,1
254,210,190,369,154,98,1
246,198,181,369,156,101,1
270,225,205,369.3,209.3,96.9,2
255,205,180,369.4,167.9,82.5,2
260,210,200,370,160,102.2,1
265,215,200,370,172,111,1
265,211,190,370.9,165.8,110.5,1
263,211,175,371,139,70,1
260,215,185,371,168,115,2
244,195,178,372,118,66,2
243,196,172,372,152,96,1
255,211,178,372,155.3,87.9,1
248,202,180,372,164,115,1
270,220,200,372,191,122.7,1
250,200,179,373,160,107,1
255,209,190,373,165,117,1
259,212,195,374,160,103,2
242,197,185,374,164,98.3,1
269,222,190,374.5,160.9,82.9,2
253,208,196,375,166.8,103.2,1
245,195,187,375,127,102,1
250,210,170,376,102,98,2
243,190,187,376,171,114,1
241,196,175,376.5,158,92,2
245,201,185,377,159,102.7,1
255,210,200,378,177,110,1
255,205,195,380,185.5,119.5,1
253,207,175,380,190,98,1
255,200,180,381.6,181.6,118,1
260,215,200,383,168,115,1
261,216,180,383.5,146.1,89.4,2
252,205,180,384,181,117,1
270,220,190,385,171,97.3,2
270,222,215,385,182,127,1
270,225,185,386,164,98.3,2
250,210,195,387,136,114,1
248,202,178,387,159,101.1,1
255,211,181,387.2,161.4,68.2,2
248,202,186,389,159.9,98.6,1
270,220,200,390,166,112,1
263,215,190,390,181,114.6,1
245,195,180,390,188.5,132.4,1
257,211,181,391,167.8,104.8,1
260,200,185,391,177,115.5,1
256,212,170,392,139,70,1
225,201,174,392,159.8,99.6,1
253,195,180,392,186,112,1
260,210,185,392.3,166.2,112.1,2
250,200,195,392.5,178,113.9,1
250,200,190,393,179,120.5,1
250,200,185,393,180,114.9,1
264,213,205,394,189,115,1
250,205,180,394.4,188,113.8,1
244,203,174,395,155,92.5,1
280,230,215,396,174.8,101.3,2
260,220,190,397,185,115,1
252,206,177,399,164.8,111.3,1
255,205,190,399,187,130,1
255,208,195,400,173.1,109.5,1
232,190,175,400,177,119,1
255,205,190,400,180,102,1
245,200,185,400,180,95.5,1
262,212,190,400,184,128,1
283,229,186,400.2,154.7,83.4,2
260,214,200,400.8,207,127.5,2
260,210,210,401,178,116,1
250,205,185,401,191,119,1
252,208,185,402.4,190.9,121.1,1
256,210,186,405,182,115.7,2
255,210,194,405.1,210.9,147.5,2
268,220,200,406,185,122,1
247,210,190,407,174,85,1
263,220,190,407,178,113,1
260,205,183,407.7,192.2,129.3,2
275,230,190,408,166,112,1
260,215,180,408,180,113.6,2
250,200,180,408,195,138,1
260,210,200,409,187,129,1
260,210,200,410,171.9,103.5,1
260,210,190,410,200,109,1
275,220,205,410,200,109.6,1
278,234,195,410.8,189.9,104,2
275,235,200,411,155,91,2
290,245,215,411,170.7,100.3,2
255,205,185,411,185.6,120,1
270,225,200,411,195,120,1
260,205,190,412,190,125,1
266,213,190,413,183,114,1
267,224,190,413,174.8,114.6,1
270,225,190,413.1,186.6,113.5,2
260,215,200,413.9,214.6,139,2
260,210,180,414,180,120,1
265,215,200,414,200,130,1
270,225,195,414.6,185.8,118.7,2
253,206,192,415,168,108,1
260,220,203,415.4,243.1,110.8,2
265,215,200,416,176,102,1
265,220,185,416,176,86,1
260,210,190,416,197,127,1
260,220,170,416.5,193,128.5,2
258,213,178,417,153,65,1
268,219,191,419,187,121,1
265,215,187,420,176,120,1
260,208,197,420,192.9,131.3,1
275,220,210,420,200,125,1
254,210,189,420,210,118,2
255,200,190,421,183,121,1
263,207,192,421,187,131,1
265,210,200,421,207,139.5,1
260,210,195,421.2,209.6,131.4,2
265,210,190,421.5,192.4,131.4,1
265,215,195,422,163.5,100.3,2
260,210,195,422,189,126,1
259,208,189,423,205,112,1
270,220,204,423,206,132,1
262,222,202,423.4,201,133.3,2
245,202,176,424,182,106.9,1
283,230,230,424,216,126,1
260,220,200,426,164,91,2
245,200,180,426,194,137,1
268,220,210,426,196,132.2,1
270,215,185,427,186.9,122.5,1
280,230,215,427,237.1,105.3,2
262,215,185,429.2,172,84,2
252,215,178,430,138,74,2
255,215,179,430,146,86,2
256,210,190,430,200,128,1
265,220,190,431,179,105,1
261,213,185,432,180,106,1
265,220,200,432,188,124,1
260,210,190,432,192,134.5,1
263,210,190,432,197,130,1
265,215,195,433,192,127,1
255,210,190,433,200,138,1
265,215,191,434,190.9,125,1
270,230,210,434,197,126,1
280,230,210,435,200,125,1
250,205,202,435,220.7,135.3,2
264,215,205,435,223,151,1
260,220,195,436,161.6,86.1,2
280,230,190,436,198.5,128.4,1
271,220,200,436,201,134,1
275,220,210,437,203,120,1
266,215,190,437,203.6,130.2,1
265,230,200,437.8,206.1,122.2,2
255,210,200,438,210,146,1
275,222,200,439,213.5,132.4,1
240,200,190,440,157.2,89.7,1
282,235,208,440,176,87.3,2
255,210,195,440,187,124,1
255,208,177,441,186,110.4,1
255,210,194,441,205,134,1
245,210,170,442,119,64,1
260,205,205,442,207.5,134,1
260,210,195,443,197,133,1
250,205,180,444,204.7,115.4,1
270,220,170,446,151.2,93.6,1
282,235,205,446,161.5,88.6,2
272,223,195,447,207,139,1
285,235,210,448,202,119.2,2
285,241,192,449.2,173.7,85.4,2
250,204,177,450,199,139.8,1
260,210,185,450,200,116,1
275,230,215,450,201,129,1
267,217,186,450,201.9,131,1
266,215,195,450,212,143,1
275,225,210,450.5,230.2,123.7,1
285,230,215,453,222,140,1
260,210,190,453,219,129.5,1
275,220,218,454,221,141.6,1
270,220,200,454,221,148,1
258,211,185,455,173,115.5,1
271,220,192,455,209,129.5,2
260,207,206,455,255,137,1
254,208,178,456,176,104,1
280,235,205,456,207,130,2
282,232,220,456.4,220,135.6,1
255,210,175,457,169,90,1
284,230,200,457,210,132,1
276,224,206,458,208,139,1
272,227,210,458,214,145,1
268,215,211,458.9,230,148.6,1
258,214,199,459,189,146,1
260,214,188,459,195,131,1
260,220,200,459,196,119.7,1
261,211,190,459.6,213,142.6,1
229,185,171,460,113.5,65.1,1
240,195,175,460,125.5,73.8,1
265,220,200,460,188,134,1
265,220,195,460,202,134,1
265,206,190,460,217.8,134.6,1
270,220,200,460,221,153.3,2
282,225,219,460,239,150,1
270,220,210,460,240,153,1
270,222,205,462,204,129.4,2
268,220,205,463,212,126,2
270,223,210,464,204.6,125.4,2
275,220,205,464,271,170,1
283,235,195,465.4,178,87.3,2
254,206,174,466,183,110,1
264,215,196,467,215,140,1
280,225,190,468,208,135.4,1
265,210,200,469,190,118,1
267,217,185,469,197,135,1
260,218,200,470,171.9,103.5,2
268,221,187,470,187,115,2
270,215,210,470,214,137,1
285,231,211,470,226,142,1
270,225,204,470.3,229.4,143.5,2
264,209,201,471,213,150,1
260,215,205,471.3,255.9,138.5,2
265,215,185,472,192,118,1
285,234,195,472,197,114,2
260,215,185,472,213,148,1
265,210,190,473,196.8,128,1
275,225,210,474,212,132,1
260,210,190,474,219,148,1
285,240,205,475,133.9,88.8,2
270,225,200,476,197,114,2
280,235,200,476,224,141,1
275,227,227,477,298,168,2
275,220,220,477,231,145,1
280,235,210,477.6,205.8,130.3,2
273,220,209,478,222,143,1
271,223,185,480,154,96,2
280,240,200,480,200,130,1
275,226,191,480,200.3,107,2
285,240,210,480,220,148.1,2
260,220,194,480,230,138,1
280,230,215,480,230,146,1
270,220,210,480,230,160,1
320,260,240,480.2,299,152,2
270,220,200,483,235.5,156,1
260,215,190,486,217,139,1
276,221,203,486,228,158,1
255,210,190,487,176,107,1
270,215,215,487,235,147,1
275,220,200,487.3,218.2,126.1,2
262,220,180,488,165,91.5,1
273,214,210,488,228,158,1
285,233,200,489,243.1,117.1,2
275,220,220,490,235,147,1
270,220,210,492,206,125,1
262,217,210,492,228,122,1
275,224,200,492.5,235.4,161.3,2
285,230,220,492.7,222.8,144.4,1
265,220,190,493,223,150,1
280,230,220,493,235,139.7,1
268,216,191,494,202,112,2
258,210,193,494,210,135.5,1
280,230,210,495,226,141.1,1
281,231,210,496,184,118,2
288,238,205,496,230,153,1
280,225,210,497,231,157,1
262,213,203,497.7,253.3,147.4,1
270,220,205,498.5,227.5,148.1,1
280,230,207,499,239,160,1
280,230,220,499,241,153.8,1
275,220,205,499,242,159,1
241,195,168,500,126.1,65.7,1
236,191,177,500,137,75,1
281,235,203,500,205.2,119.7,2
281,232,210,500,227,137,1
270,220,195,500,230,138,1
260,210,190,501,222,157,1
270,220,205,501,229,131,1
261,212,197,501.7,236.5,145.2,2
270,220,185,501.8,160.6,89.7,2
265,220,200,502,214,132.2,1
290,240,200,502.4,265.4,150.5,2
280,230,210,505.9,231.6,135.1,2
275,225,205,506,202,126,1
281,227,195,506,222,124,1
268,221,187,509,209.5,133.2,1
286,231,197,510,195.2,116.5,2
275,220,190,510,205,132,1
280,230,210,510,220,116,1
285,225,202,510,225,141.4,1
285,230,230,510,243,157,1
291,243,205,510,262.5,143.1,2
255,210,190,510,300,146,1
250,205,170,510,320,155,1
291,235,185,511,183,100,1
288,235,215,511,250,158,1
295,245,225,512,226.4,123.6,2
276,215,212,512,227,151,1
265,220,195,513,229,148.6,1
280,222,210,514,246,176,1
285,235,210,514.9,238,154,2
280,228,205,515,218,142,1
265,215,200,515,239,170,1
290,240,220,515,251,152.3,1
280,225,220,515,256,171,1
280,232,210,515,260.1,160,2
273,225,205,516,223,137,1
290,235,220,518,246,154.3,1
274,225,204,519,238,160,1
286,235,193,520,212.8,116.6,2
290,240,220,520,221,145,1
265,215,205,520,222.5,145,1
288,235,205,520,233.1,142.4,2
275,230,200,520,250,147,1
285,225,210,520,253,161.6,1
283,232,215,520,260,162.2,2
275,225,205,520,260,181,1
285,230,226,520,320,200,2
300,250,220,521,247,165.8,1
260,215,190,521.7,262.8,135.4,1
275,230,219,522,221,169,1
285,236,200,522,225,140,1
263,220,195,522,250,147,1
277,228,210,523,254,165,1
261,218,195,524,237,157.4,1
280,225,210,524,324,143,1
268,220,210,525,241,165,1
285,235,205,525,242,146,1
274,222,200,526,122.9,109.8,1
280,230,184,526,202,122,1
277,222,210,528,218,143,1
270,220,203,528,261,177,1
283,230,200,530,244,165.4,2
290,240,215,530,255.2,156.5,2
285,235,212,530,272.1,168.5,1
283,240,210,530,280,172,1
265,220,205,530,300,156,1
260,210,180,532,183,105,1
281,229,188,532,212,130,1
301,245,235,532,270,170,1
290,240,203,533,214,133,1
290,235,220,533,239,159,1
275,225,210,534,246,158,1
276,222,213,534,334,160,1
260,210,180,535,231.4,153.3,1
280,235,175,536,183,105,1
295,242,225,536,267,189,1
270,225,190,539,250,174,1
290,245,216,539.6,262.5,174.8,2
270,220,200,540,190,112.4,1
270,210,210,540,217,131.4,1
265,210,200,540,226,155.9,1
290,230,200,540,230,148,1
275,225,210,540,240,159,1
280,215,205,540,243.5,152,1
275,220,215,540,245,154.5,1
270,215,195,542,231,144,1
288,234,205,542,246.6,165.3,1
295,230,230,542,279,183,1
280,220,220,542,281,189,1
285,235,226,543,221,138.1,2
300,245,220,543,242,153,1
280,225,220,544,234,153,1
280,230,225,544,261,165.6,2
285,234,230,545.2,319.9,160,2
285,230,210,546,253,176,1
301,242,210,546.4,264.6,156.4,2
274,225,207,548,230,150,1
293,240,220,548,274,188,1
265,220,210,550,204.9,120,1
280,225,218,550,233,150,1
280,225,220,551,243,143,1
269,222,198,555,261,176.7,1
280,226,202,556,236.6,136,1
272,222,200,557,254,170,1
275,225,205,559,254,160,1
300,250,210,559.8,265.3,169.8,2
280,230,210,560,220,145.3,1
275,225,200,560,230,160,1
290,235,230,560,244,150.9,1
300,245,220,560,248,142,2
300,255,215,560.5,230.5,139.6,2
284,222,214,562,245,160,1
271,225,194,563,239,159,1
310,250,220,563,266,168.1,1
290,235,225,565,275,185,1
285,232,205,565,276.5,183.5,1
287,235,220,566,279,182,1
275,220,215,567,254,157,1
290,240,220,567.2,286.1,197.4,2
310,260,210,568,246,153.7,2
280,230,220,569,259,175,2
285,236,212,569,260,141,1
300,250,230,569,269,175,1
293,242,205,570,237.4,134.5,2
297,245,212,570,240,106,2
290,240,210,570,250,147,1
280,225,217,570,253.9,163.5,1
298,245,220,570,258,161,1
280,235,215,570,280,186.4,1
291,236,222,571,286,175,1
282,226,210,572,251,174,1
290,235,222,573,296,188,1
295,243,185,574,162,92,2
295,245,204,574,196,111.1,2
295,245,200,574,228,144,1
290,235,195,574,263,177,1
285,235,215,574,374,182,1
288,232,199,575,260.6,169.7,2
291,241,208,575,267,168,1
300,250,220,575,284,183.4,1
295,240,222,576,290,207,1
280,230,195,578,214,125,1
295,235,220,579,271,154,1
279,234,195,580,185,90,2
285,230,215,580,222.3,135,1
280,230,210,580,248,159.8,1
290,235,210,580,260,177,1
287,235,205,580,280,187.7,1
292,245,220,581,214.3,136.2,2
285,230,225,583,266,175,1
289,243,219,584,252.6,147.3,2
288,235,210,585,254.7,154,1
300,248,230,585,275,190,1
320,260,240,587,250,147,1
295,242,220,589,301,193,1
300,250,220,590,270,161.9,1
302,256,225,590,276.5,171.2,2
278,225,207,590,323,187.7,1
303,252,186,591,260,156,1
298,245,210,591,272,162,2
290,237,205,591,273,169,1
275,225,220,592,257.7,156.9,2
300,250,200,593,246.3,157.3,1
275,231,193,594,174,72,2
310,275,225,594,247.7,154,2
275,225,210,594,250,167,1
304,246,215,594,254,163,1
300,240,200,594,394,182,1
290,240,215,596,263,172,1
266,220,185,600,181.3,108.4,1
298,240,240,600,263,159,1
300,250,220,600,280,174.2,1
305,250,225,600,284,172.4,1
300,240,212,600,300,172,1
310,260,230,600,300,156,1
295,240,220,600,360,220,1
280,230,213,601,272,185,1
285,235,225,601,311,199.8,2
315,260,230,605,237,125.5,2
294,237,207,605,289,186.4,1
300,244,225,606,283,182,1
303,260,215,609,276,155.1,2
273,220,190,610,220,135.3,1
291,242,188,610,264,124,2
279,235,210,610,275,180.9,1
295,245,210,611,278,180.2,2
305,256,235,614,250,156,2
297,247,193,615,215,130.6,2
306,248,220,615,300,171,1
302,255,220,616,208,90,2
295,236,202,616,215,122,1
303,250,220,616,280,177,1
300,245,234,616,308,198,1
320,260,212,618,241,129,1
305,245,228,619.8,284.5,165.1,2
276,227,195,620,266,172,1
300,250,225,620,290,207,1
300,250,230,620,313,198,1
285,230,210,620,320,149,1
305,250,220,629.2,303,181,2
295,240,168,630,206.1,106,1
293,240,199,630,212,146,2
295,245,219,630,228,132,2
307,250,217,630,260,144.5,1
290,235,212,631,265,182,1
250,200,170,632,218,150,1
297,238,224,634,287,197,1
295,241,178,635,250,134,2
290,240,235,635,295,196,1
274,230,210,640,220,137.4,1
300,250,235,642,313,210,1
300,250,235,643,233,124.5,2
295,240,226,644,344,206,1
295,240,210,645,280,184,1
298,245,220,647,394,195,1
311,246,232,649,289,170,1
275,225,211,650,306,201,1
320,261,211,652,248,140,2
290,240,210,654,292,144,1
310,250,230,655,339,200,1
315,260,220,656,276,143,1
300,250,230,657,325,207,1
300,240,230,660,257,151,1
300,267,217,660,289,191,1
290,240,220,660,350,223,1
290,230,210,661,361,188,1
305,250,200,666,258,147,1
305,250,221,666,324,152,2
295,237,235,667,316,201,1
320,250,240,668,310,181,1
298,250,230,669,267.5,148.5,2
305,250,240,669,320,218.1,1
320,265,245,670,340,211,1
323,270,250,672,322,187,1
317,255,230,673,295,163,1
313,265,219,674,296,180,2
310,260,211,677,267,140,1
300,250,230,680,300,153,1
302,251,215,686,293.3,186,2
304,255,227,690,236.5,110.7,2
312,255,235,690,355,207.2,1
285,230,220,693,325,219,1
265,215,187,694,179,114.6,1
305,253,240,694,308,189,1
324,267,255,694,336,222,1
303,251,222,695,175.7,123,1
300,250,220,695,340,205.5,2
320,270,235,699.8,330.1,210.2,2
290,240,220,700,281.6,185.1,1
315,260,240,700,330,201,1
265,220,197,704,262,106,1
340,290,210,706,218,160,2
325,265,240,710,299,185,1
290,270,240,711.2,379.3,258.8,2
305,250,220,720,209,115,1
322,267,207,720,263.3,146.5,2
300,250,225,720,400,175,1
300,255,235,722,291.3,153,2
310,245,211,724,216,94.1,2
310,245,235,726,330,202,1
308,255,216,730,340,192.3,2
320,265,205,732,263,138,1
300,245,225,735,308,183,1
330,260,240,739,336,203,1
345,280,240,740,244,140,2
310,250,220,740,320.5,214.1,1
320,270,233,747,344,230,1
312,260,230,750,337,215.5,1
295,245,220,750,345,241,1
335,285,231,755.2,347.4,168,2
320,265,240,757,359,208,2
320,270,230,760,296,175,2
338,275,243,762,352,242,1
306,252,235,765,384,256,1
315,250,240,770,329,189.5,1
315,257,235,770,356,234,1
295,240,235,775,349,234,1
310,250,235,775,358,232,2
330,270,247,778,353,219.2,2
300,250,230,780,310.3,177.9,1
330,270,240,780,330,187,1
322,265,242,780,350,240,1
320,260,250,781,344,227,1
320,260,250,786,353,231,1
320,270,230,794,358,212,1
310,247,245,799,337,216,1
330,265,240,800,300,178,1
320,265,240,800,309,158,1
330,265,245,800,337.4,213,1
333,280,210,804,323,188,1
340,280,240,806,365,194.7,2
320,260,237,820,360,220,1
328,265,232,820,407,274,1
318,257,233,820,460,263.3,1
330,270,260,822,365,221,1
323,260,240,828,363,238,1
319,261,228,829,260,110,1
335,280,255,831,300,159,2
320,264,220,832,305,178,1
327,265,245,832,374,255,1
340,290,230,837,355,211.1,2
310,260,240,839,377.4,239.2,2
325,270,240,840,360,211,1
334,275,229,840,370,195,2
348,275,270,840,370,243,1
340,280,260,840,410,239,1
330,280,244,850,350,180,1
335,275,268,850,413,240,1
345,290,250,850,430,229,1
320,265,230,850.5,365.4,225.7,2
338,275,235,851,303,143,1
335,267,225,852,280,158,2
305,250,245,852,367,229,1
340,280,225,860,366,209.3,2
330,265,250,860,384,248,1
350,265,250,869,413,261.6,2
310,260,230,880,420,186,1
327,268,252,881,385,266,1
330,270,235,882,296,140,2
325,285,230,884,308,180,2
328,270,220,888.3,416.3,213.1,2
320,260,240,890,368,240,1
305,245,240,900,350,215,1
347,281,245,902,400,246,2
338,285,235,913,380,218,1
350,290,260,920,423,240,1
330,265,245,924,393,260,1
330,265,235,926,336,207,1
343,285,235,927,382,208,2
365,300,255,930,400,207,1
316,260,235,940,406,270,1
355,290,260,955,450,294,1
345,290,250,958,422,232,2
320,260,240,960,341,255,1
332,275,234,964,348,200,1
330,265,235,970,341,201,1
333,270,260,970,434,283,1
360,295,260,976,474,291,1
320,247,230,995,434.6,298.4,1
335,272,245,1024,371,217,1
335,280,250,1031,462,306,1
320,260,235,1033,441,273.1,2
290,240,197,1036,403,248,1
330,270,240,1048,416,269,1
360,300,260,1080,570,285,1
350,285,275,1092,514,338,1
370,310,280,1100,545,348,1
342,275,255,1104,470,316,1
340,288,250,1107,478,314,1
360,300,270,1120,436,241,1
340,290,250,1120,440,243,1
340,280,225,1120,462,308,1
340,280,250,1120,478,323,1
370,300,270,1140,610,356,1
395,320,283,1140,590,420,1
368,305,262,1146,468,235.2,2
367,305,270,1153,516,333,1
310,260,210,1158,523,285,1
300,250,209,1166,533,296,1
405,340,275,1183,520,298,1
370,290,290,1212,507,308,1
370,310,260,1220,500,270,1
360,300,273,1224,545,366,1
375,310,285,1231,623,396.3,2
330,270,255,1248,482,320,1
385,310,285,1255,645,380,1
384,320,280,1262,548,356,1
400,320,290,1291,560,280,1
390,325,280,1320,662,398,1
320,270,245,1344,602,334,1
356,300,263,1353,617,370,1
378,315,247,1390,600,286.4,2
380,320,268,1400,525,394,1
400,335,300,1406,616,343,2
390,320,295,1435,559,329,1
399,332,300,1438,690,366,1
370,303,274,1475,608,361,1
390,310,295,1496,610,361,1
390,320,280,1520,630,340,1
370,305,270,1523,564,350,1
390,325,285,1564,615,375,1
405,330,300,1600,700,440,1
410,330,275,1770,802,486,1
425,350,310,1850,840,500,1
400,330,315,1928,870,499,2
435,365,305,2045.6,978,564,1
405,340,292,1630,770,462,1
